month,day,task
1,1,New Year Celebration
1,5,Project Kickoff Meeting
1,10,Client Presentation Preparation
1,15,Team Building Activity
1,20,Code Review Session
2,1,Monthly Report Submission
2,5,Mid-Quarter Review
2,10,Product Demo to Client
2,14,Valentine's Day Celebration
2,20,Team Lunch
3,1,Spring Cleaning
3,5,Quarterly Performance Review
3,10,Product Launch
3,15,Customer Feedback Analysis
3,20,Marketing Campaign Planning
4,1,April Fool's Day Prank
4,5,Quarterly Financial Review
4,10,Team Outing
4,15,Mid-Year Strategy Meeting
4,20,Annual General Meeting
